Location,LocationFraudRate
AHMEDABAD,0.010509458512661395
BENGALURU,0.23356349444611227
CHENNAI,0.009561191626409019
DELHI,0.2370980547836443
HYDERABAD,0.23326243289780207
JAIPUR,0.00887302396736359
KOLKATA,0.009939759036144578
MUMBAI,0.22739018087855298
PUNE,0.009320121652114197
SURAT,0.011373751359905053
