,confusion_matrix,f1_score,pr_auc,precision,recall,roc_auc,threshold
RandomForest,"[[17763, 255], [365, 1617]]",0.8391281785158277,0.8934201971795168,0.8637820512820513,0.8158425832492432,0.9480569744192349,0.7007727069592957
